Uploader,Name,Claim date,Description,Amount,Approval,Payment,Missing file,Claim id
manali.akabari,Manali Akabari,Tue Jul 21 2026,Lunch & dinner,300.00,approved,,1788758618545-0ee3a64b-Invoice_8382878998.pdf,8a9c5cc4-01e6-4292-89ab-d773776c8fa3
manali.akabari,Manali Akabari,Tue Jul 21 2026,Conveyance (Cab),203.00,approved,,1788758593616-70dbe9b6-Receipt_21Jul2026_021952.pdf,a0085621-ebeb-41e1-86ca-9c8fafec0877
manali.akabari,Manali Akabari,Thu Jul 23 2026,Lunch,200.00,approved,,1788758965422-4b8bdb9e-WhatsApp_Image_2026-09-07_at_10.58.54.jpeg,ca5e17a8-33e2-47fe-a6f8-815115e710d2
manali.akabari,Manali Akabari,Thu Jul 23 2026,Dinner,385.00,approved,,1788758667497-0189bbf9-Invoice_8370712570.pdf,3d51e5ee-a22f-4873-b012-edaa255aa0ca
manali.akabari,Manali Akabari,Fri Jul 24 2026,Dinner,250.00,approved,,1788759135397-0afc60f2-WhatsApp_Image_2026-09-07_at_11.02.03.jpeg,60db606c-33a6-4613-bc4a-418c1754848b
manali.akabari,Manali Akabari,Fri Jul 24 2026,Lunch,280.00,approved,,1788759044665-03edd13e-WhatsApp_Image_2026-09-07_at_11.00.08.jpeg,6d109aeb-f966-4889-81c7-e06caf68e7bd
manali.akabari,Manali Akabari,Sat Jul 25 2026,Dinner,190.00,approved,,1788759521562-d5cf4d0b-WhatsApp_Image_2026-09-07_at_11.07.47.pdf,c388154c-824f-40d6-a82d-77b87ed3658d
manali.akabari,Manali Akabari,Sat Jul 25 2026,Conveyance (Cab),450.00,approved,,1788758811312-febb1742-Receipt_25Jul2026_235513.pdf,2c6c11dc-d5fa-4407-8135-eef018d1d787
manali.akabari,Manali Akabari,Sat Jul 25 2026,Lunch Manali & sumit,350.00,approved,,1788759166381-5fa225af-WhatsApp_Image_2026-09-07_at_11.02.33.jpeg,157868ee-13ef-42f3-b65d-f8c2453096e4
mahendra.singh.chauhan,Mahendra Singh Chauhan,Mon Aug 03 2026,Lunch,750.00,approved,,1788758547841-05f28ab5-DocScanner_7_Sept_2026_10-38_am.pdf,7db459c1-0a37-486e-9916-51079ddd63f0
dhananjay.kushwah,Dhananjay Kushwah,Mon Aug 03 2026,Visited Delta Electronics to purchase a motor driver and a servo motor.,979.00,approved,,1788587444046-5b4eb1b5-WhatsApp_Image_2026-09-05_at_11.20.10_AM.jpeg,5f3ddf3d-b975-4802-b47e-a41ce0fabd45
medha,Medha Dave,Fri Aug 07 2026,Snacks,130.00,approved,,1788770509472-2b23729d-Tea_n_Snacks_for_driver.jpeg,2e744eaf-dd07-4f2b-a133-dc2645766b30
medha,Medha Dave,Sat Aug 08 2026,Cab from Andheri to home,614.00,approved,,1788770563782-f096af65-Cab_Anderi_office_to_Home_for_final_meeting_with_Owner.jpeg,c8ab6b4c-1eb1-437c-aa03-122c03bafff2
medha,Medha Dave,Tue Aug 11 2026,Poter payment of Vivek Leptop,382.00,approved,,1788770022034-10366d36-poter_payment.jpeg,bbf1d0fb-fffe-41a3-b7c8-f821add2b19d
omp,Om Prajapati,Sat Aug 15 2026,Lunch,500.00,approved,,1788594867441-c1e2b491-SahyogBill.jpg,417fdda2-2d5f-41c3-a4f9-9b072b6e7254
omp,Om Prajapati,Sat Aug 15 2026,Dinner,500.00,approved,,1788596336704-d034deed-245775594126410.pdf,ff775ee0-1069-4fca-adfe-32ab775f091b
tahir,Mohammed Tahir Quraishi,Wed Aug 19 2026,Hotel,1200.00,approved,,1788520686402-37962125-Mundra_Hotel.jpeg,7999e8f1-0604-4af2-9555-468904f196ec
tahir,Mohammed Tahir Quraishi,Wed Aug 19 2026,Snacks,75.00,approved,,1788520816461-e6f876f5-WhatsApp_Image_2026-09-04_at_4.42.48_PM.jpeg,9ea6bda9-6b92-4851-ab41-2bf4bbc82917
tahir,Mohammed Tahir Quraishi,Wed Aug 19 2026,Snacks,75.00,approved,,1788520817204-d21f4ecf-WhatsApp_Image_2026-09-04_at_4.42.22_PM.jpeg,9ea6bda9-6b92-4851-ab41-2bf4bbc82917
tahir,Mohammed Tahir Quraishi,Wed Aug 19 2026,Snacks,75.00,approved,,1788520817569-f16835ca-WhatsApp_Image_2026-09-04_at_4.42.07_PM.jpeg,9ea6bda9-6b92-4851-ab41-2bf4bbc82917
naresh.pawar,Naresh Pawar,Mon Aug 24 2026,Hotel,2572.00,approved,,1788868871734-a962d74f-Accommodation_.pdf,e6bd6280-77d0-4c18-988b-dca79f1f899f
naresh.pawar,Naresh Pawar,Mon Aug 24 2026,Cab Bill,2000.00,approved,,1788869708196-46bf3b32-cAB_bILL.jpeg,1966c20a-2ad3-47f9-8fa2-3baa0b212bd8
naresh.pawar,Naresh Pawar,Mon Aug 24 2026,Dinner,528.00,approved,,1788870257769-03808465-Food_Invoice.pdf,20f5500e-38d7-497d-891e-5ff5bcd46802
naresh.pawar,Naresh Pawar,Tue Aug 25 2026,Dinner,667.00,approved,,1788871077974-f5dbbd74-FoodBill.pdf,fb7e98d8-a72b-4445-a47b-8d901c5db2b2
manali.akabari,Manali Akabari,Wed Aug 26 2026,Train Ticket,596.00,approved,,1788611812808-2b3a0c13-Ticket-TK1022020395y84.pdf,a667ec00-d5b4-4e50-992f-a59dcaf72667
medha,Medha Dave,Thu Aug 27 2026,Nanta Stamp,100.00,approved,,1788770594163-da391315-Nanta_Stamp.jpeg,7f4b3881-9efb-43ea-9617-048e0b1bf41d
medha,Medha Dave,Mon Aug 31 2026,Nanta Round Stamp,120.00,approved,,1788770626998-c2799280-Nanta_Round_stamps.jpeg,df2e9215-acf4-4364-b4f0-328f6903708b
medha,Medha Dave,Mon Aug 31 2026,Cab Home to Goregaon n returns,2400.00,approved,,1788770655883-51281a80-Cab_charges_with_Returns_Home_to_Registered_office__Goregaon.jpeg,d371203d-e889-4e82-b4a5-c32dcdfb5bf4
jaimin,Jaimin Rathwa,Thu Sep 03 2026,Props for Shoot,213.00,approved,,1790056604745-6032c5ab-WhatsApp_Image_2026-09-22_at_11.24.29.jpeg,cb6203cf-9eaf-480e-a507-24e89fd1bb44
jaimin,Jaimin Rathwa,Thu Sep 03 2026,Props for Shoot,213.00,approved,,1790056605512-88cd355a-WhatsApp_Image_2026-09-22_at_11.26.16.jpeg,cb6203cf-9eaf-480e-a507-24e89fd1bb44
jaimin,Jaimin Rathwa,Fri Sep 04 2026,Conveyance (Cab),150.44,approved,,1790057352653-e1d1fd29-Receipt_04Sep2026_150204.pdf,6cbc7312-2c76-4658-a14a-d00abe319163
jaimin,Jaimin Rathwa,Fri Sep 04 2026,Conveyance (Cab),150.44,approved,,1790057549733-aa9caa6f-WhatsApp_Image_2026-09-22_at_11.35.09.jpeg,6cbc7312-2c76-4658-a14a-d00abe319163
jaimin,Jaimin Rathwa,Fri Sep 04 2026,Conveyance (Cab),200.00,approved,,1790057379963-33eaa6f1-Receipt_04Sep2026_180932.pdf,943109ec-308b-47e0-baad-28a435006294
jaimin,Jaimin Rathwa,Fri Sep 04 2026,Conveyance (Cab),200.00,approved,,1790057593229-b1aa24be-WhatsApp_Image_2026-09-22_at_11.35.14.jpeg,943109ec-308b-47e0-baad-28a435006294
jaimin,Jaimin Rathwa,Fri Sep 11 2026,Stationary,250.00,approved,,1790062656900-cb7996b8-WhatsApp_Image_2026-09-22_at_13.07.21.jpeg,6128795d-79cd-4a15-b752-ffed18bccaca
jaimin,Jaimin Rathwa,Mon Sep 14 2026,Conveyance (Cab),15.00,approved,,1790056246764-d70a1ac7-metro.jpeg,2b33a2ce-cebf-481f-be5b-f795b1c467bd
jaimin,Jaimin Rathwa,Mon Sep 14 2026,Snacks,260.00,approved,,1790056850744-a836a867-WhatsApp_Image_2026-09-22_at_11.29.32.jpeg,66b9a433-7ecb-412c-a9c0-d83231654da4
jaimin,Jaimin Rathwa,Mon Sep 14 2026,Conveyance (Cab),200.00,approved,,1790056241756-3a01af6a-local_cab.jpeg,794a9fe4-7805-4771-ab04-6b60b3eef3f5
jaimin,Jaimin Rathwa,Mon Sep 14 2026,Water Bottle and Snacks,120.00,approved,,1790226955363-5383234f-WhatsApp_Image_2026-09-24_at_10.42.46.jpeg,af575077-56d6-49e0-bbc8-98903f5eec22
jaimin,Jaimin Rathwa,Mon Sep 14 2026,Conveyance (Cab),10.00,approved,,1790056251073-085f1feb-brts.jpeg,d303627b-b5e7-4a72-8e83-6e79f2a0d4bc
hardik.acharya,Hardik Acharya,Tue Sep 15 2026,Conveyance (Cab),377.00,approved,,1790054939841-499a0cf1-WhatsApp_Image_2026-09-22_at_10.40.04_AM.jpeg,6e5d29fd-5e86-4216-b955-7ce00d3b31d3
jaimin,Jaimin Rathwa,Tue Sep 15 2026,Snacks,70.00,approved,,1790227013568-0325dc3d-WhatsApp_Image_2026-09-24_at_10.43.06.jpeg,ec94d65a-47f5-4926-94a0-4fc8d94f9b37
jaimin,Jaimin Rathwa,Tue Sep 15 2026,Snacks,185.00,approved,,1790056229342-2511791d-snack2.jpeg,46c2ab6f-f583-4531-83c6-5bd26cc0ef0f
jaimin,Jaimin Rathwa,Tue Sep 15 2026,Snacks,185.00,approved,,1790056229811-d4f7bb34-snack1.jpeg,46c2ab6f-f583-4531-83c6-5bd26cc0ef0f
miral.katpara,Miral Katpara,Tue Sep 15 2026,Conveyance (Cab),218.84,approved,,1790224438508-430fbedd-DOC-20260924-WA0004.pdf,cafef4b2-bcc0-4fee-98bc-cfe0e3ede412
hardik.acharya,Hardik Acharya,Tue Sep 15 2026,Snacks,120.00,approved,,1790055100831-8bbc3f5f-WhatsApp_Image_2026-09-22_at_10.42.27_AM.jpeg,a2fe5255-243f-48d0-bee3-502d55e7f1e9
hardik.acharya,Hardik Acharya,Tue Sep 15 2026,Snacks,120.00,approved,,1790055101463-fe8a73af-WhatsApp_Image_2026-09-22_at_10.42.45_AM.jpeg,a2fe5255-243f-48d0-bee3-502d55e7f1e9
hardik.acharya,Hardik Acharya,Tue Sep 15 2026,Snacks,120.00,approved,,1790055101784-eb05e90c-WhatsApp_Image_2026-09-22_at_10.43.01_AM.jpeg,a2fe5255-243f-48d0-bee3-502d55e7f1e9
hardik.acharya,Hardik Acharya,Tue Sep 15 2026,Snacks,120.00,approved,,1790055102134-a82eeb2f-WhatsApp_Image_2026-09-22_at_10.43.17_AM.jpeg,a2fe5255-243f-48d0-bee3-502d55e7f1e9
hardik.acharya,Hardik Acharya,Wed Sep 16 2026,Conveyance (Cab),213.00,approved,,1790055449321-8c35ebf0-WhatsApp_Image_2026-09-22_at_10.44.43_AM.jpeg,bd0055fc-244e-4fed-80d1-2b436dfa8232
hardik.acharya,Hardik Acharya,Wed Sep 16 2026,Conveyance (Cab),130.00,approved,,1790055683004-2e4f13a7-WhatsApp_Image_2026-09-22_at_10.50.59_AM.jpeg,fa37c6ce-9c37-4847-be07-d873a75f6a67
hardik.acharya,Hardik Acharya,Wed Sep 16 2026,Hotel,2767.00,approved,,1790055483084-9e84a869-WhatsApp_Image_2026-09-22_at_10.50.25_AM.jpeg,e696c024-a95e-4e3c-bff5-ff3ae166c55f
hardik.acharya,Hardik Acharya,Thu Sep 17 2026,Snacks,44.00,approved,,1790055740695-04eabe22-WhatsApp_Image_2026-09-22_at_10.52.50_AM.jpeg,d176d91e-c9bf-40d2-9f5e-24c29425093f
hardik.acharya,Hardik Acharya,Thu Sep 17 2026,Snacks,44.00,approved,,1790055741645-71ca467b-WhatsApp_Image_2026-09-22_at_10.53.04_AM.jpeg,d176d91e-c9bf-40d2-9f5e-24c29425093f
hardik.acharya,Hardik Acharya,Thu Sep 17 2026,Conveyance (Cab),115.00,approved,,1790055693632-660f8512-WhatsApp_Image_2026-09-22_at_10.51.47_AM.jpeg,c92d7e04-41d4-4154-8c55-a2fde2087fd7
hardik.acharya,Hardik Acharya,Thu Sep 17 2026,Conveyance (Cab),125.00,approved,,1790055783824-40798b99-WhatsApp_Image_2026-09-22_at_10.53.44_AM.jpeg,876d4cac-2d72-417b-b804-9a26755f92e3
hardik.acharya,Hardik Acharya,Thu Sep 17 2026,Conveyance (Cab),125.00,approved,,1790055784645-6611a6ca-WhatsApp_Image_2026-09-22_at_10.53.58_AM.jpeg,876d4cac-2d72-417b-b804-9a26755f92e3
manali.akabari,Manali Akabari,Fri Sep 18 2026,Train Ticket,596.00,approved,,1789367367588-170b86f2-1788611812808-2b3a0c13-Ticket-TK1022020395y84.pdf,abc7bbc5-7ed0-4936-a016-edb2cf27c44b
manali.akabari,Manali Akabari,Fri Sep 18 2026,Hotel water bottle,180.00,approved,,1789794547389-f08bcc4c-WhatsApp_Image_2026-09-19_at_10.38.46.jpeg,1137a1d7-1f43-4347-b788-cac0b98e862c
manali.akabari,Manali Akabari,Sat Sep 19 2026,Conveyance (Cab),250.00,approved,,1789794407628-1c2bc69d-Local_Ride_Receipt_19Sep2026.pdf,9761cb8c-e0d6-4a31-97fc-05b6dd9074cc
jaimin,Jaimin Rathwa,Sat Sep 19 2026,Snacks,40.00,approved,,1790227073330-8ff8a111-WhatsApp_Image_2026-09-24_at_10.43.06.jpeg,0251bfdf-dc60-4293-be66-58ac4f04c4f8
jaimin,Jaimin Rathwa,Sat Sep 19 2026,Juice and Fruits,110.00,approved,,1790227118617-37f9e5ba-WhatsApp_Image_2026-09-24_at_10.44.17.jpeg,481e390a-c1ce-483f-8c81-c6b88a92e9e2
jaimin,Jaimin Rathwa,Sun Sep 20 2026,Snacks,239.00,approved,,1790056194749-934a80cd-snack_3.jpeg,0d506b1b-d2c3-4278-b71a-afd4357e06e9
jaimin,Jaimin Rathwa,Sun Sep 20 2026,Labor for Mumbai Office,200.00,approved,,1790062814290-8d65d6ce-WhatsApp_Image_2026-09-22_at_13.07.21.jpeg,c0d6a66d-d07a-481f-be94-51e71a4ebe0a
jaimin,Jaimin Rathwa,Sun Sep 20 2026,Mumbai Office Duplicate Keys,340.00,approved,,1790056220392-ed839aa0-key.jpeg,8be693d7-29af-4648-8c8f-afebe6b5878a
jaimin,Jaimin Rathwa,Sun Sep 20 2026,Porter Keys to Naresh Sir,150.00,approved,,1790056206505-89131399-Receipt_20Sep2026_190305.pdf,7fa3c060-9a3d-43f2-a834-237ba8c9b149
jaimin,Jaimin Rathwa,Sun Sep 20 2026,Conveyance (Cab),400.00,approved,,1790056187221-428ce601-Receipt_21Sep2026_063420.pdf,a77ae2a0-71cd-41f8-be07-d2a90e2bf0cf
miral.katpara,Miral Katpara,Wed Sep 23 2026,Lunch,300.00,approved,,1790224827620-c59d4207-20260924_100957.heic,400541cf-6741-4328-bcd4-cca56b572b85
dhananjay.kushwah,Dhananjay Kushwah,Thu Sep 24 2026,Parcel delivery to our office,269.00,approved,,1790312703567-ad5b8363-RECEIPT_RD17902458169320936.pdf,0cbaf1ea-e330-42f1-b1ab-3f0d99494259
omp,Om Prajapati,Fri Sep 25 2026,Conveyance (Cab),190.00,approved,,1790340276434-fb3c22b4-Receipt_25Sep2026_170742.pdf,8ac507c4-424e-4750-aea1-c00cc842fc72
omp,Om Prajapati,Fri Sep 25 2026,Conveyance (Cab),190.00,approved,,1790340198363-5ffc9343-Receipt_25Sep2026_160051.pdf,59f2e774-5eb2-421a-b246-f799cd118ce2